行政地理分区,流入人次,流出人次,内部流动人次,GDP,总人口
东北,164942,226314,896214,51124.82,9851.400000000001
华东,469885,209820,690530,387437.57,42347.0
华中,130637,509505,1273802,140222.02,22356.4
华北,155375,1020,282,121404.95999999999,16933.399999999998
华南,175453,68238,298205,138450.02,18622.1
西北,103830,98436,589621,55922.61,10352.8
西南,169862,256651,1100297,117852.79000000001,20514.8
