行政地理分区,流入人次,流出人次,内部流动人次,GDP,总人口
东北,814438,1089444,2879432,51124.82,9851.400000000001
华东,2450021,2336036,12794253,387437.57,42347.0
华中,469079,597393,916505,140222.02,22356.4
华北,541632,75668,174902,121404.95999999999,16933.399999999998
华南,470774,193816,1554371,138450.02,18622.1
西北,498612,557090,3156073,55922.61,10352.8
西南,654034,1049143,4107806,117852.79000000001,20514.8
